Top queries,Clicks,Impressions,CTR,Position
club forge,8,78,10.26%,5.17
clubforge,1,22,4.55%,4.14
martial arts software uk,0,346,0%,17.43
martial arts club management software,0,172,0%,50.12
martial arts club software,0,162,0%,48.81
martial arts gym software,0,160,0%,36.35
karate club software,0,158,0%,37.82
martial arts membership software,0,140,0%,54.86
boxing gym software,0,128,0%,58.98
martial arts software,0,126,0%,56.85
martial arts gym management,0,106,0%,53.22
martial arts management system,0,103,0%,57.06
martial arts management,0,100,0%,54.01
martial arts management software,0,93,0%,56.41
martial art software,0,91,0%,54.85
martial arts appointment software,0,88,0%,70.55
martial arts studio management software,0,77,0%,57.74
karate management software,0,65,0%,54.12
martial arts studio software,0,65,0%,63.66
karate studio software,0,61,0%,49.1
best martial arts management software,0,56,0%,51.59
martial arts members management software,0,47,0%,50.38
best martial arts software,0,47,0%,62.23
martial art management software,0,41,0%,67.2
martial arts database software,0,40,0%,44.65
martial arts tracking app,0,39,0%,25.72
martial arts school software,0,37,0%,69.03
martial arts belt tracking software,0,29,0%,21.79
software for martial arts school,0,28,0%,75.71
karate school software,0,23,0%,70.83
tkd belt tracking software,0,21,0%,15.67
app to track belt promotions,0,21,0%,23.1
martial arts attendance software,0,19,0%,38.21
martial art school software,0,19,0%,76.32
martial arts school management,0,18,0%,51.17
best software for tracking belt promotions and student rank,0,17,0%,6.94
mma belt tracking software,0,16,0%,28.44
free martial arts club management software,0,14,0%,63.86
martial arts class management software,0,13,0%,73.77
free martial arts software,0,12,0%,54.75
kick boxing club management software,0,11,0%,59.36
bjj belt tracking software,0,11,0%,64.27
boxing club software,0,11,0%,64.55
belt tracking software,0,10,0%,15.2
martial arts student management,0,10,0%,69.2
karate dojo software,0,9,0%,21.56
taekwondo software,0,9,0%,27.22
"""gymdesk""",0,8,0%,46.62
ppc for martial arts clubs,0,7,0%,26
martial arts booking system,0,7,0%,65.57
martial arts management software uk,0,6,0%,11.5
martial arts billing,0,6,0%,52
martial arts business software,0,6,0%,62
martial arts software free,0,6,0%,64.83
boxing club management software,0,6,0%,74.83
martial arts management software free,0,5,0%,41.8
best martial arts school management software,0,5,0%,60.6
martial arts attendance app,0,5,0%,63.6
martial arts attendance cards,0,5,0%,69.2
brazilian jiu jitsu class scheduling software,0,5,0%,83.4
martial arts billing software,0,4,0%,71.75
martial arts school management software,0,4,0%,92.75
martial arts student tracking software,0,3,0%,44
martial arts crm,0,3,0%,49.67
bjj software,0,3,0%,62.33
lead scoring for martial arts gyms,0,3,0%,70.67
sports club software pricing,0,3,0%,82.33
martial arts software programs,0,2,0%,28.5
martial arts software features,0,2,0%,45
mma gym software,0,2,0%,51.5
software for martial arts,0,2,0%,53.5
martial arts business systems,0,2,0%,59.5
bjj schedule software,0,2,0%,60.5
bjj gym software,0,2,0%,63
gym membership software cost,0,2,0%,81.5
gym software prices,0,2,0%,96.5
gym software,0,1,0%,5
athletic club crm software,0,1,0%,13
judo software,0,1,0%,13
"best practices for tracking student progress and belt advancement in 
martial arts software",0,1,0%,18
"best practices tracking student progress belt advancement martial arts 
software",0,1,0%,18
best software for jiu-jitsu belt tracking,0,1,0%,18
martial art program,0,1,0%,24
martial arts software management,0,1,0%,40
"""gocardless""",0,1,0%,50
boxing and martial arts software,0,1,0%,52
martial arts on rails,0,1,0%,55
martial arts billing services,0,1,0%,68
martial arts studio booking software,0,1,0%,76
martial arts class software,0,1,0%,77
martial arts scheduling software,0,1,0%,79
mma gym software essential features guide,0,1,0%,79
software for taekwondo,0,1,0%,83